poly cost,gaus cost,sigm cost
0.693147,0.693147,0.693147
0.677037,0.669638,0.662552
0.661667,0.647423,0.634206
0.647001,0.626427,0.607933
0.633001,0.606577,0.583566
0.619633,0.587804,0.560947
0.606862,0.570041,0.53993
0.594654,0.553225,0.520379
0.582978,0.537296,0.50217
0.571805,0.522199,0.485189
0.561106,0.50788,0.469331
0.550853,0.49429,0.454503
0.541022,0.481383,0.440617
0.531589,0.469115,0.427595
0.522531,0.457446,0.415368
0.513829,0.44634,0.40387
0.505461,0.435759,0.393043
0.49741,0.425674,0.382834
0.489658,0.416052,0.373196
0.48219,0.406866,0.364084
0.474991,0.39809,0.35546
0.468046,0.389699,0.347288
0.461343,0.381671,0.339533
0.454868,0.373985,0.332168
0.448611,0.36662,0.325164
0.442561,0.35956,0.318496
0.436707,0.352786,0.312142
0.431041,0.346282,0.306081
0.425552,0.340035,0.300293
0.420234,0.33403,0.294762
0.415077,0.328253,0.28947
0.410075,0.322694,0.284403
0.40522,0.317341,0.279548
0.400507,0.312182,0.274891
0.395928,0.307209,0.270421
0.391478,0.302411,0.266127
0.387152,0.297781,0.261998
0.382944,0.29331,0.258027
0.378849,0.28899,0.254204
0.374863,0.284814,0.25052
0.370981,0.280775,0.246969
0.3672,0.276868,0.243544
0.363514,0.273085,0.240237
0.359921,0.269421,0.237044
0.356418,0.265871,0.233957
0.352999,0.26243,0.230973
0.349663,0.259092,0.228086
0.346406,0.255855,0.225291
0.343226,0.252712,0.222584
0.340119,0.249661,0.219961
0.337084,0.246698,0.217418
0.334117,0.243818,0.214952
0.331216,0.241018,0.212558
0.328378,0.238296,0.210235
0.325603,0.235648,0.207978
0.322887,0.233071,0.205785
0.320229,0.230562,0.203653
0.317627,0.228119,0.20158
0.315078,0.22574,0.199564
0.312582,0.223421,0.197601
0.310136,0.221161,0.19569
0.30774,0.218957,0.193829
0.30539,0.216808,0.192016
0.303087,0.214711,0.190249
0.300828,0.212665,0.188526
0.298613,0.210668,0.186845
0.29644,0.208717,0.185206
0.294307,0.206813,0.183606
0.292214,0.204952,0.182044
0.290159,0.203133,0.180519
0.288142,0.201356,0.17903
0.28616,0.199618,0.177574
0.284215,0.197919,0.176152
0.282303,0.196256,0.174761
0.280425,0.19463,0.173401
0.278579,0.193038,0.172071
0.276764,0.19148,0.17077
0.274981,0.189955,0.169497
0.273227,0.188461,0.16825
0.271502,0.186998,0.16703
0.269806,0.185565,0.165835
0.268137,0.18416,0.164664
0.266496,0.182784,0.163517
0.26488,0.181435,0.162393
0.26329,0.180112,0.161291
0.261725,0.178814,0.160211
0.260185,0.177542,0.159152
0.258668,0.176293,0.158113
0.257174,0.175068,0.157094
0.255703,0.173866,0.156095
0.254254,0.172686,0.155113
0.252827,0.171528,0.15415
0.251421,0.170391,0.153205
0.250035,0.169274,0.152277
0.24867,0.168177,0.151365
0.247324,0.167099,0.150469
0.245997,0.166041,0.14959
0.244689,0.165,0.148725
0.243399,0.163978,0.147876
0.242128,0.162972,0.147041
0.240874,0.161984,0.14622
0.239637,0.161013,0.145413
0.238417,0.160057,0.144619
0.237213,0.159118,0.143839
0.236026,0.158193,0.143071
0.234854,0.157284,0.142316
0.233698,0.156389,0.141573
0.232557,0.155509,0.140841
0.231431,0.154642,0.140121
0.230319,0.153789,0.139413
0.229221,0.152949,0.138716
0.228138,0.152123,0.138029
0.227068,0.151309,0.137353
0.226011,0.150507,0.136687
0.224967,0.149717,0.136031
0.223937,0.14894,0.135384
0.222919,0.148173,0.134748
0.221913,0.147419,0.13412
0.22092,0.146675,0.133502
0.219938,0.145942,0.132893
0.218968,0.145219,0.132293
0.21801,0.144507,0.131701
0.217063,0.143805,0.131117
0.216126,0.143113,0.130542
0.215201,0.142431,0.129974
0.214287,0.141758,0.129414
0.213382,0.141094,0.128863
0.212488,0.140439,0.128318
0.211604,0.139794,0.127781
0.210731,0.139157,0.127251
0.209866,0.138529,0.126728
0.209012,0.137909,0.126212
0.208166,0.137297,0.125703
0.20733,0.136693,0.1252
0.206503,0.136097,0.124704
0.205685,0.135509,0.124215
0.204876,0.134929,0.123731
0.204075,0.134356,0.123254
0.203283,0.13379,0.122783
0.202499,0.133231,0.122317
0.201723,0.13268,0.121857
0.200956,0.132135,0.121403
0.200196,0.131597,0.120955
0.199444,0.131066,0.120512
0.1987,0.130541,0.120074
0.197963,0.130023,0.119642
0.197234,0.12951,0.119215
0.196512,0.129004,0.118792
0.195797,0.128504,0.118375
0.195089,0.12801,0.117963
0.194389,0.127522,0.117555
0.193695,0.12704,0.117152
0.193008,0.126563,0.116754
0.192327,0.126091,0.11636
0.191653,0.125626,0.115971
0.190986,0.125165,0.115586
0.190325,0.12471,0.115206
0.18967,0.124259,0.11483
0.189021,0.123814,0.114457
0.188378,0.123374,0.114089
0.187742,0.122939,0.113725
0.187111,0.122508,0.113365
0.186486,0.122083,0.113009
0.185867,0.121661,0.112657
0.185253,0.121245,0.112308
0.184645,0.120833,0.111963
0.184043,0.120425,0.111622
0.183446,0.120022,0.111284
0.182854,0.119623,0.11095
0.182267,0.119228,0.110619
0.181686,0.118838,0.110292
0.18111,0.118451,0.109968
0.180539,0.118069,0.109647
0.179972,0.11769,0.10933
0.179411,0.117316,0.109016
0.178854,0.116945,0.108705
0.178303,0.116578,0.108397
0.177756,0.116214,0.108092
0.177213,0.115855,0.10779
0.176675,0.115499,0.107491
0.176142,0.115146,0.107195
0.175613,0.114797,0.106902
0.175089,0.114451,0.106612
0.174569,0.114109,0.106324
0.174053,0.11377,0.10604
0.173541,0.113435,0.105758
0.173034,0.113102,0.105478
0.17253,0.112773,0.105202
0.172031,0.112447,0.104927
0.171536,0.112124,0.104656
0.171045,0.111804,0.104387
0.170557,0.111488,0.10412
0.170074,0.111174,0.103856
0.169594,0.110863,0.103594
0.169118,0.110555,0.103335
0.168646,0.110249,0.103078
0.168177,0.109947,0.102823
0.167713,0.109647,0.102571
0.167251,0.10935,0.102321
0.166794,0.109056,0.102073
0.166339,0.108765,0.101827
0.165888,0.108476,0.101583
0.165441,0.108189,0.101342
0.164997,0.107906,0.101103
0.164556,0.107624,0.100865
0.164119,0.107345,0.10063
0.163685,0.107069,0.100397
0.163254,0.106795,0.100166
0.162826,0.106523,0.0999363
0.162402,0.106254,0.0997089
0.16198,0.105987,0.0994835
0.161562,0.105723,0.09926
0.161146,0.10546,0.0990383
0.160734,0.1052,0.0988185
0.160324,0.104942,0.0986004
0.159918,0.104686,0.0983842
0.159514,0.104433,0.0981698
0.159114,0.104181,0.0979571
0.158716,0.103932,0.0977461
0.158321,0.103684,0.0975368
0.157928,0.103439,0.0973292
0.157539,0.103196,0.0971233
0.157152,0.102954,0.0969191
0.156768,0.102715,0.0967164
0.156386,0.102478,0.0965154
0.156007,0.102242,0.0963159
0.155631,0.102009,0.096118
0.155257,0.101777,0.0959216
0.154886,0.101547,0.0957268
0.154517,0.101319,0.0955335
0.154151,0.101093,0.0953417
0.153787,0.100868,0.0951513
0.153426,0.100645,0.0949624
0.153067,0.100424,0.0947749
0.152711,0.100205,0.0945889
0.152357,0.0999874,0.0944043
0.152005,0.0997714,0.094221
0.151655,0.0995572,0.0940392
0.151308,0.0993446,0.0938586
0.150963,0.0991335,0.0936795
0.15062,0.0989241,0.0935016
0.15028,0.0987163,0.0933251
0.149941,0.09851,0.0931498
0.149605,0.0983053,0.0929759
0.149271,0.0981021,0.0928032
0.148939,0.0979005,0.0926317
0.148609,0.0977003,0.0924615
0.148282,0.0975016,0.0922926
0.147956,0.0973043,0.0921248
0.147632,0.0971085,0.0919582
0.147311,0.0969141,0.0917929
0.146991,0.0967211,0.0916287
0.146673,0.0965296,0.0914656
0.146358,0.0963394,0.0913037
0.146044,0.0961506,0.0911429
0.145732,0.0959631,0.0909833
0.145422,0.0957769,0.0908248
0.145114,0.0955921,0.0906673
0.144808,0.0954086,0.090511
0.144504,0.0952264,0.0903557
0.144201,0.0950454,0.0902015
0.143901,0.0948658,0.0900483
0.143602,0.0946873,0.0898962
0.143305,0.0945102,0.0897451
0.14301,0.0943342,0.0895951
0.142716,0.0941595,0.089446
0.142424,0.0939859,0.089298
0.142134,0.0938136,0.0891509
0.141846,0.0936424,0.0890048
0.141559,0.0934724,0.0888597
0.141274,0.0933035,0.0887155
0.140991,0.0931358,0.0885723
0.140709,0.0929692,0.08843
0.140429,0.0928037,0.0882887
0.14015,0.0926393,0.0881483
0.139873,0.092476,0.0880087
0.139598,0.0923138,0.0878701
0.139324,0.0921527,0.0877324
0.139052,0.0919926,0.0875956
0.138781,0.0918336,0.0874596
0.138512,0.0916756,0.0873245
0.138244,0.0915186,0.0871903
0.137978,0.0913627,0.0870569
0.137713,0.0912077,0.0869244
0.13745,0.0910538,0.0867927
0.137188,0.0909009,0.0866618
0.136928,0.0907489,0.0865317
0.136669,0.0905979,0.0864025
0.136412,0.0904479,0.086274
0.136156,0.0902988,0.0861464
0.135901,0.0901507,0.0860195
0.135648,0.0900035,0.0858934
0.135396,0.0898572,0.0857681
0.135145,0.0897118,0.0856435
0.134896,0.0895674,0.0855197
0.134648,0.0894238,0.0853967
0.134401,0.0892811,0.0852744
0.134156,0.0891393,0.0851528
0.133912,0.0889984,0.085032
0.13367,0.0888584,0.0849119
0.133428,0.0887192,0.0847925
0.133188,0.0885808,0.0846738
0.132949,0.0884433,0.0845558
0.132712,0.0883066,0.0844385
0.132475,0.0881708,0.0843219
0.13224,0.0880358,0.084206
0.132006,0.0879015,0.0840908
0.131774,0.0877681,0.0839763
0.131542,0.0876355,0.0838624
0.131312,0.0875037,0.0837491
0.131083,0.0873726,0.0836366
0.130855,0.0872423,0.0835246
0.130628,0.0871128,0.0834133
0.130402,0.086984,0.0833027
0.130178,0.086856,0.0831927
0.129954,0.0867288,0.0830833
0.129732,0.0866023,0.0829745
0.129511,0.0864765,0.0828664
0.129291,0.0863514,0.0827588
0.129072,0.0862271,0.0826519
0.128854,0.0861035,0.0825456
0.128637,0.0859806,0.0824398
0.128422,0.0858584,0.0823347
0.128207,0.0857368,0.0822301
0.127993,0.085616,0.0821261
0.127781,0.0854959,0.0820227
0.127569,0.0853764,0.0819198
0.127359,0.0852576,0.0818176
0.127149,0.0851395,0.0817158
0.126941,0.085022,0.0816147
0.126734,0.0849052,0.081514
0.126527,0.084789,0.081414
0.126322,0.0846735,0.0813144
0.126117,0.0845587,0.0812155
0.125914,0.0844444,0.081117
0.125711,0.0843308,0.0810191
0.12551,0.0842178,0.0809217
0.125309,0.0841054,0.0808248
0.125109,0.0839936,0.0807284
0.124911,0.0838825,0.0806325
0.124713,0.0837719,0.0805372
0.124516,0.083662,0.0804423
0.12432,0.0835526,0.080348
0.124125,0.0834438,0.0802541
0.123931,0.0833356,0.0801607
0.123738,0.083228,0.0800679
0.123545,0.083121,0.0799755
0.123354,0.0830145,0.0798835
0.123163,0.0829086,0.0797921
0.122974,0.0828032,0.0797011
0.122785,0.0826984,0.0796106
0.122597,0.0825942,0.0795206
0.12241,0.0824904,0.079431
0.122224,0.0823873,0.0793419
0.122038,0.0822847,0.0792532
0.121854,0.0821826,0.079165
0.12167,0.082081,0.0790772
0.121487,0.08198,0.0789899
0.121305,0.0818794,0.078903
0.121124,0.0817794,0.0788165
0.120943,0.08168,0.0787305
0.120763,0.081581,0.0786449
0.120584,0.0814825,0.0785598
0.120406,0.0813845,0.078475
0.120229,0.081287,0.0783907
0.120053,0.08119,0.0783068
0.119877,0.0810935,0.0782233
0.119702,0.0809975,0.0781402
0.119528,0.080902,0.0780575
0.119354,0.0808069,0.0779752
0.119181,0.0807124,0.0778934
0.119009,0.0806183,0.0778119
0.118838,0.0805246,0.0777308
0.118668,0.0804314,0.0776501
0.118498,0.0803387,0.0775698
0.118329,0.0802465,0.0774899
0.11816,0.0801546,0.0774104
0.117993,0.0800633,0.0773312
0.117826,0.0799724,0.0772525
0.11766,0.0798819,0.0771741
0.117494,0.0797919,0.0770961
0.117329,0.0797023,0.0770184
0.117165,0.0796131,0.0769411
0.117002,0.0795244,0.0768642
0.116839,0.0794361,0.0767877
0.116677,0.0793482,0.0767115
0.116516,0.0792607,0.0766356
0.116355,0.0791737,0.0765601
0.116195,0.0790871,0.076485
0.116036,0.0790009,0.0764102
0.115877,0.0789151,0.0763358
0.115719,0.0788297,0.0762617
0.115562,0.0787447,0.0761879
0.115405,0.0786601,0.0761145
0.115249,0.0785759,0.0760414
0.115093,0.0784921,0.0759687
0.114938,0.0784086,0.0758963
0.114784,0.0783256,0.0758242
0.114631,0.078243,0.0757524
0.114478,0.0781607,0.075681
0.114325,0.0780788,0.0756099
0.114173,0.0779973,0.0755391
0.114022,0.0779162,0.0754686
0.113872,0.0778355,0.0753985
0.113722,0.0777551,0.0753286
0.113572,0.0776751,0.0752591
0.113424,0.0775954,0.0751899
0.113276,0.0775161,0.075121
0.113128,0.0774372,0.0750524
0.112981,0.0773586,0.0749841
0.112835,0.0772804,0.0749161
0.112689,0.0772025,0.0748484
0.112543,0.077125,0.074781
0.112399,0.0770479,0.0747139
0.112255,0.076971,0.0746471
0.112111,0.0768946,0.0745806
0.111968,0.0768184,0.0745144
0.111826,0.0767426,0.0744484
0.111684,0.0766672,0.0743828
0.111542,0.076592,0.0743174
0.111401,0.0765172,0.0742523
0.111261,0.0764428,0.0741875
0.111121,0.0763686,0.074123
0.110982,0.0762948,0.0740587
0.110844,0.0762213,0.0739948
0.110705,0.0761481,0.0739311
0.110568,0.0760753,0.0738676
0.110431,0.0760027,0.0738045
0.110294,0.0759305,0.0737416
0.110158,0.0758586,0.0736789
0.110022,0.075787,0.0736166
0.109887,0.0757157,0.0735545
0.109753,0.0756447,0.0734926
0.109619,0.075574,0.0734311
0.109485,0.0755036,0.0733697
0.109352,0.0754335,0.0733087
0.10922,0.0753637,0.0732479
0.109087,0.0752942,0.0731873
0.108956,0.075225,0.073127
0.108825,0.0751561,0.0730669
0.108694,0.0750875,0.0730071
0.108564,0.0750192,0.0729476
0.108434,0.0749512,0.0728882
0.108305,0.0748834,0.0728292
0.108177,0.0748159,0.0727703
0.108048,0.0747487,0.0727117
0.10792,0.0746818,0.0726534
0.107793,0.0746152,0.0725953
0.107666,0.0745488,0.0725374
0.10754,0.0744828,0.0724797
0.107414,0.0744169,0.0724223
0.107288,0.0743514,0.0723651
0.107163,0.0742861,0.0723082
0.107039,0.0742211,0.0722514
0.106915,0.0741564,0.0721949
0.106791,0.0740919,0.0721387
0.106668,0.0740277,0.0720826
0.106545,0.0739638,0.0720268
0.106423,0.0739001,0.0719712
0.106301,0.0738366,0.0719158
0.106179,0.0737735,0.0718607
0.106058,0.0737105,0.0718057
0.105937,0.0736479,0.071751
0.105817,0.0735854,0.0716965
0.105697,0.0735233,0.0716422
0.105578,0.0734614,0.0715881
0.105459,0.0733997,0.0715342
0.10534,0.0733382,0.0714805
0.105222,0.0732771,0.0714271
0.105104,0.0732161,0.0713738
0.104987,0.0731554,0.0713208
0.10487,0.073095,0.071268
0.104753,0.0730347,0.0712153
0.104637,0.0729747,0.0711629
0.104521,0.072915,0.0711107
0.104406,0.0728555,0.0710587
0.104291,0.0727962,0.0710068
0.104177,0.0727371,0.0709552
0.104062,0.0726783,0.0709038
0.103949,0.0726197,0.0708525
0.103835,0.0725613,0.0708015
0.103722,0.0725032,0.0707506
0.103609,0.0724453,0.0707
0.103497,0.0723876,0.0706495
0.103385,0.0723301,0.0705992
0.103274,0.0722728,0.0705492
0.103163,0.0722158,0.0704993
0.103052,0.072159,0.0704495
0.102941,0.0721024,0.0704
0.102831,0.072046,0.0703507
0.102722,0.0719898,0.0703015
0.102612,0.0719339,0.0702526
0.102503,0.0718781,0.0702038
0.102395,0.0718226,0.0701552
0.102287,0.0717672,0.0701067
0.102179,0.0717121,0.0700585
0.102071,0.0716572,0.0700104
0.101964,0.0716025,0.0699625
0.101857,0.071548,0.0699148
0.101751,0.0714937,0.0698672
0.101645,0.0714396,0.0698199
0.101539,0.0713857,0.0697727
0.101433,0.071332,0.0697256
0.101328,0.0712785,0.0696788
0.101224,0.0712252,0.0696321
0.101119,0.0711721,0.0695856
0.101015,0.0711192,0.0695392
0.100911,0.0710664,0.069493
0.100808,0.0710139,0.069447
0.100705,0.0709616,0.0694012
0.100602,0.0709094,0.0693555
0.1005,0.0708575,0.06931
0.100398,0.0708057,0.0692646
0.100296,0.0707542,0.0692194
0.100194,0.0707028,0.0691744
0.100093,0.0706516,0.0691295
0.0999924,0.0706006,0.0690848
0.0998919,0.0705497,0.0690402
0.0997918,0.0704991,0.0689958
0.0996919,0.0704486,0.0689516
0.0995924,0.0703983,0.0689075
0.0994931,0.0703482,0.0688635
0.0993942,0.0702983,0.0688198
0.0992956,0.0702485,0.0687761
0.0991973,0.070199,0.0687327
0.0990992,0.0701496,0.0686893
0.0990015,0.0701003,0.0686462
0.0989041,0.0700513,0.0686032
0.098807,0.0700024,0.0685603
0.0987102,0.0699537,0.0685176
0.0986137,0.0699052,0.068475
0.0985175,0.0698568,0.0684326
0.0984216,0.0698086,0.0683903
0.098326,0.0697606,0.0683481
0.0982307,0.0697127,0.0683061
0.0981356,0.069665,0.0682643
0.0980409,0.0696175,0.0682226
0.0979464,0.0695702,0.068181
0.0978523,0.069523,0.0681396
0.0977584,0.0694759,0.0680983
0.0976648,0.0694291,0.0680572
0.0975715,0.0693824,0.0680162
0.0974784,0.0693358,0.0679753
0.0973857,0.0692894,0.0679346
0.0972932,0.0692432,0.067894
0.097201,0.0691971,0.0678536
0.0971091,0.0691512,0.0678133
0.0970174,0.0691055,0.0677731
0.096926,0.0690599,0.067733
0.0968349,0.0690144,0.0676931
0.0967441,0.0689691,0.0676534
0.0966535,0.068924,0.0676137
0.0965632,0.068879,0.0675742
0.0964732,0.0688342,0.0675348
0.0963834,0.0687895,0.0674956
0.0962939,0.0687449,0.0674565
0.0962047,0.0687006,0.0674175
0.0961157,0.0686563,0.0673786
0.096027,0.0686122,0.0673399
0.0959385,0.0685683,0.0673013
0.0958503,0.0685245,0.0672628
0.0957624,0.0684809,0.0672244
0.0956747,0.0684374,0.0671862
0.0955873,0.068394,0.0671481
0.0955001,0.0683508,0.0671101
0.0954132,0.0683077,0.0670723
0.0953265,0.0682648,0.0670346
0.0952401,0.068222,0.0669969
0.0951539,0.0681793,0.0669595
0.095068,0.0681368,0.0669221
0.0949823,0.0680945,0.0668849
0.0948969,0.0680522,0.0668477
0.0948117,0.0680101,0.0668107
0.0947267,0.0679682,0.0667738
0.094642,0.0679264,0.0667371
0.0945575,0.0678847,0.0667004
0.0944733,0.0678431,0.0666639
0.0943893,0.0678017,0.0666275
0.0943056,0.0677604,0.0665912
0.0942221,0.0677193,0.066555
0.0941388,0.0676783,0.0665189
0.0940558,0.0676374,0.066483
0.093973,0.0675967,0.0664471
0.0938904,0.067556,0.0664114
0.093808,0.0675155,0.0663758
0.0937259,0.0674752,0.0663403
0.093644,0.067435,0.0663049
0.0935624,0.0673949,0.0662696
0.093481,0.0673549,0.0662344
0.0933998,0.067315,0.0661994
0.0933188,0.0672753,0.0661644
0.093238,0.0672357,0.0661296
0.0931575,0.0671962,0.0660949
0.0930772,0.0671569,0.0660602
0.0929971,0.0671177,0.0660257
0.0929173,0.0670786,0.0659913
0.0928376,0.0670396,0.065957
0.0927582,0.0670007,0.0659228
0.092679,0.066962,0.0658887
0.0926,0.0669234,0.0658547
0.0925212,0.0668849,0.0658209
0.0924427,0.0668465,0.0657871
0.0923643,0.0668083,0.0657534
0.0922862,0.0667701,0.0657198
0.0922083,0.0667321,0.0656864
0.0921306,0.0666942,0.065653
0.0920531,0.0666564,0.0656197
0.0919758,0.0666187,0.0655866
0.0918987,0.0665812,0.0655535
0.0918218,0.0665438,0.0655206
0.0917452,0.0665064,0.0654877
0.0916687,0.0664692,0.0654549
0.0915924,0.0664321,0.0654223
0.0915164,0.0663952,0.0653897
0.0914405,0.0663583,0.0653572
0.0913649,0.0663215,0.0653249
0.0912894,0.0662849,0.0652926
0.0912142,0.0662484,0.0652604
0.0911392,0.0662119,0.0652284
0.0910643,0.0661756,0.0651964
0.0909897,0.0661394,0.0651645
0.0909152,0.0661033,0.0651327
0.090841,0.0660673,0.065101
0.0907669,0.0660315,0.0650694
0.090693,0.0659957,0.0650379
0.0906194,0.06596,0.0650065
0.0905459,0.0659245,0.0649752
0.0904726,0.065889,0.0649439
0.0903995,0.0658537,0.0649128
0.0903266,0.0658185,0.0648817
0.0902539,0.0657833,0.0648508
0.0901814,0.0657483,0.0648199
0.090109,0.0657134,0.0647891
0.0900369,0.0656786,0.0647585
0.0899649,0.0656438,0.0647279
0.0898932,0.0656092,0.0646974
0.0898216,0.0655747,0.0646669
0.0897502,0.0655403,0.0646366
0.0896789,0.065506,0.0646064
0.0896079,0.0654718,0.0645762
0.0895371,0.0654377,0.0645462
0.0894664,0.0654036,0.0645162
0.0893959,0.0653697,0.0644863
0.0893256,0.0653359,0.0644565
0.0892554,0.0653022,0.0644268
0.0891855,0.0652686,0.0643971
0.0891157,0.0652351,0.0643676
0.0890461,0.0652016,0.0643381
0.0889767,0.0651683,0.0643088
0.0889074,0.0651351,0.0642795
0.0888384,0.065102,0.0642502
0.0887695,0.0650689,0.0642211
0.0887007,0.065036,0.0641921
0.0886322,0.0650031,0.0641631
0.0885638,0.0649704,0.0641342
0.0884956,0.0649377,0.0641054
0.0884276,0.0649051,0.0640767
0.0883597,0.0648727,0.0640481
0.088292,0.0648403,0.0640195
0.0882245,0.064808,0.0639911
0.0881571,0.0647758,0.0639627
0.0880899,0.0647437,0.0639343
0.0880229,0.0647117,0.0639061
0.0879561,0.0646797,0.063878
0.0878894,0.0646479,0.0638499
0.0878228,0.0646162,0.0638219
0.0877565,0.0645845,0.063794
0.0876903,0.0645529,0.0637661
0.0876242,0.0645215,0.0637384
0.0875584,0.0644901,0.0637107
0.0874926,0.0644588,0.0636831
0.0874271,0.0644276,0.0636555
0.0873617,0.0643964,0.0636281
0.0872965,0.0643654,0.0636007
0.0872314,0.0643344,0.0635734
0.0871665,0.0643036,0.0635461
0.0871017,0.0642728,0.063519
0.0870371,0.0642421,0.0634919
0.0869727,0.0642115,0.0634649
0.0869084,0.0641809,0.063438
0.0868443,0.0641505,0.0634111
0.0867803,0.0641201,0.0633843
0.0867165,0.0640899,0.0633576
0.0866528,0.0640597,0.063331
0.0865893,0.0640296,0.0633044
0.0865259,0.0639995,0.0632779
0.0864627,0.0639696,0.0632515
0.0863997,0.0639397,0.0632251
0.0863368,0.0639099,0.0631989
0.086274,0.0638802,0.0631726
0.0862114,0.0638506,0.0631465
0.0861489,0.0638211,0.0631204
0.0860866,0.0637916,0.0630944
0.0860245,0.0637622,0.0630685
0.0859625,0.0637329,0.0630427
0.0859006,0.0637037,0.0630169
0.0858389,0.0636746,0.0629912
0.0857773,0.0636455,0.0629655
0.0857159,0.0636165,0.0629399
0.0856546,0.0635876,0.0629144
0.0855934,0.0635588,0.062889
0.0855324,0.06353,0.0628636
0.0854716,0.0635014,0.0628383
0.0854109,0.0634728,0.062813
0.0853503,0.0634442,0.0627879
0.0852899,0.0634158,0.0627627
0.0852296,0.0633874,0.0627377
0.0851695,0.0633591,0.0627127
0.0851095,0.0633309,0.0626878
0.0850496,0.0633028,0.062663
0.0849899,0.0632747,0.0626382
0.0849303,0.0632467,0.0626135
0.0848708,0.0632188,0.0625888
0.0848115,0.0631909,0.0625642
0.0847523,0.0631631,0.0625397
0.0846933,0.0631354,0.0625153
0.0846344,0.0631078,0.0624909
0.0845756,0.0630802,0.0624665
0.084517,0.0630528,0.0624423
0.0844585,0.0630253,0.0624181
0.0844001,0.062998,0.0623939
0.0843419,0.0629707,0.0623698
0.0842838,0.0629435,0.0623458
0.0842258,0.0629164,0.0623219
0.084168,0.0628893,0.062298
0.0841103,0.0628623,0.0622742
0.0840527,0.0628354,0.0622504
0.0839953,0.0628086,0.0622267
0.083938,0.0627818,0.062203
0.0838808,0.0627551,0.0621795
0.0838237,0.0627284,0.0621559
0.0837668,0.0627019,0.0621325
0.08371,0.0626754,0.0621091
0.0836533,0.0626489,0.0620857
0.0835968,0.0626225,0.0620624
0.0835404,0.0625962,0.0620392
0.0834841,0.06257,0.062016
0.0834279,0.0625438,0.0619929
0.0833719,0.0625177,0.0619699
0.083316,0.0624917,0.0619469
0.0832602,0.0624657,0.061924
0.0832045,0.0624398,0.0619011
0.083149,0.062414,0.0618783
0.0830936,0.0623882,0.0618555
0.0830383,0.0623625,0.0618328
0.0829831,0.0623369,0.0618102
0.0829281,0.0623113,0.0617876
0.0828732,0.0622858,0.061765
0.0828184,0.0622603,0.0617426
0.0827637,0.062235,0.0617201
0.0827091,0.0622096,0.0616978
0.0826547,0.0621844,0.0616755
0.0826003,0.0621592,0.0616532
0.0825461,0.062134,0.061631
0.082492,0.062109,0.0616089
0.0824381,0.062084,0.0615868
0.0823842,0.062059,0.0615648
0.0823305,0.0620341,0.0615428
0.0822769,0.0620093,0.0615209
0.0822234,0.0619846,0.061499
0.08217,0.0619599,0.0614772
0.0821167,0.0619352,0.0614554
0.0820636,0.0619107,0.0614337
0.0820105,0.0618861,0.0614121
0.0819576,0.0618617,0.0613905
0.0819048,0.0618373,0.0613689
0.0818521,0.061813,0.0613474
0.0817995,0.0617887,0.061326
0.0817471,0.0617645,0.0613046
0.0816947,0.0617403,0.0612833
0.0816425,0.0617162,0.061262
0.0815903,0.0616922,0.0612407
0.0815383,0.0616682,0.0612196
0.0814864,0.0616443,0.0611984
0.0814346,0.0616204,0.0611774
0.0813829,0.0615966,0.0611563
0.0813314,0.0615729,0.0611354
0.0812799,0.0615492,0.0611144
0.0812285,0.0615256,0.0610936
0.0811773,0.061502,0.0610727
0.0811261,0.0614785,0.061052
0.0810751,0.061455,0.0610312
0.0810242,0.0614316,0.0610106
0.0809734,0.0614083,0.0609899
0.0809227,0.061385,0.0609694
0.0808721,0.0613617,0.0609488
0.0808216,0.0613385,0.0609284
0.0807712,0.0613154,0.0609079
0.0807209,0.0612924,0.0608876
0.0806707,0.0612693,0.0608672
0.0806206,0.0612464,0.060847
0.0805707,0.0612235,0.0608267
0.0805208,0.0612006,0.0608065
0.080471,0.0611778,0.0607864
0.0804214,0.0611551,0.0607663
0.0803718,0.0611324,0.0607463
0.0803224,0.0611098,0.0607263
0.080273,0.0610872,0.0607063
0.0802238,0.0610647,0.0606864
0.0801746,0.0610422,0.0606666
0.0801256,0.0610198,0.0606468
0.0800766,0.0609974,0.060627
0.0800278,0.0609751,0.0606073
0.0799791,0.0609528,0.0605876
0.0799304,0.0609306,0.060568
0.0798819,0.0609085,0.0605484
0.0798334,0.0608863,0.0605289
0.0797851,0.0608643,0.0605094
0.0797369,0.0608423,0.06049
0.0796887,0.0608203,0.0604706
0.0796407,0.0607984,0.0604512
0.0795927,0.0607766,0.0604319
0.0795449,0.0607548,0.0604127
0.0794971,0.060733,0.0603935
0.0794495,0.0607113,0.0603743
0.0794019,0.0606897,0.0603552
0.0793544,0.0606681,0.0603361
0.0793071,0.0606465,0.0603171
0.0792598,0.060625,0.0602981
0.0792126,0.0606036,0.0602791
0.0791655,0.0605822,0.0602602
0.0791185,0.0605609,0.0602414
0.0790717,0.0605395,0.0602226
0.0790249,0.0605183,0.0602038
0.0789782,0.0604971,0.0601851
0.0789315,0.0604759,0.0601664
0.078885,0.0604548,0.0601477
0.0788386,0.0604338,0.0601291
0.0787923,0.0604128,0.0601106
0.078746,0.0603918,0.060092
0.0786999,0.0603709,0.0600736
0.0786538,0.06035,0.0600551
0.0786079,0.0603292,0.0600367
0.078562,0.0603084,0.0600184
0.0785162,0.0602877,0.0600001
0.0784705,0.060267,0.0599818
0.0784249,0.0602464,0.0599636
0.0783794,0.0602258,0.0599454
0.078334,0.0602053,0.0599273
0.0782887,0.0601848,0.0599092
0.0782435,0.0601643,0.0598911
0.0781983,0.0601439,0.0598731
0.0781532,0.0601236,0.0598551
0.0781083,0.0601033,0.0598372
0.0780634,0.060083,0.0598193
0.0780186,0.0600628,0.0598014
0.0779739,0.0600426,0.0597836
0.0779293,0.0600225,0.0597658
0.0778847,0.0600024,0.0597481
0.0778403,0.0599823,0.0597304
0.0777959,0.0599624,0.0597127
0.0777516,0.0599424,0.0596951
0.0777074,0.0599225,0.0596775
0.0776633,0.0599026,0.05966
0.0776193,0.0598828,0.0596425
0.0775754,0.059863,0.059625
0.0775315,0.0598433,0.0596076
0.0774878,0.0598236,0.0595902
0.0774441,0.059804,0.0595728
0.0774005,0.0597844,0.0595555
0.077357,0.0597648,0.0595383
0.0773136,0.0597453,0.059521
0.0772702,0.0597258,0.0595038
0.077227,0.0597064,0.0594867
0.0771838,0.059687,0.0594695
0.0771407,0.0596677,0.0594525
0.0770977,0.0596484,0.0594354
0.0770548,0.0596291,0.0594184
0.0770119,0.0596099,0.0594014
0.0769691,0.0595907,0.0593845
0.0769265,0.0595716,0.0593676
0.0768839,0.0595525,0.0593507
0.0768413,0.0595334,0.0593339
0.0767989,0.0595144,0.0593171
0.0767565,0.0594955,0.0593004
0.0767142,0.0594765,0.0592837
0.076672,0.0594576,0.059267
0.0766299,0.0594388,0.0592503
0.0765879,0.05942,0.0592337
0.0765459,0.0594012,0.0592172
0.076504,0.0593825,0.0592006
0.0764622,0.0593638,0.0591841
0.0764205,0.0593452,0.0591677
0.0763789,0.0593266,0.0591512
0.0763373,0.059308,0.0591348
0.0762958,0.0592895,0.0591185
0.0762544,0.059271,0.0591022
0.076213,0.0592525,0.0590859
0.0761718,0.0592341,0.0590696
0.0761306,0.0592158,0.0590534
0.0760895,0.0591974,0.0590372
0.0760485,0.0591792,0.0590211
0.0760075,0.0591609,0.059005
0.0759666,0.0591427,0.0589889
0.0759258,0.0591245,0.0589728
0.0758851,0.0591064,0.0589568
0.0758445,0.0590883,0.0589409
0.0758039,0.0590702,0.0589249
0.0757634,0.0590522,0.058909
0.075723,0.0590342,0.0588931
0.0756826,0.0590163,0.0588773
0.0756423,0.0589984,0.0588615
0.0756021,0.0589805,0.0588457
0.075562,0.0589627,0.05883
0.0755219,0.0589449,0.0588142
0.075482,0.0589271,0.0587986
0.0754421,0.0589094,0.0587829
0.0754022,0.0588917,0.0587673
0.0753625,0.0588741,0.0587517
0.0753228,0.0588565,0.0587362
0.0752831,0.0588389,0.0587207
0.0752436,0.0588213,0.0587052
0.0752041,0.0588038,0.0586898
0.0751647,0.0587864,0.0586743
0.0751254,0.058769,0.058659
0.0750861,0.0587516,0.0586436
0.0750469,0.0587342,0.0586283
0.0750078,0.0587169,0.058613
0.0749688,0.0586996,0.0585978
0.0749298,0.0586824,0.0585825
0.0748909,0.0586651,0.0585673
0.0748521,0.058648,0.0585522
0.0748133,0.0586308,0.0585371
0.0747746,0.0586137,0.058522
0.074736,0.0585966,0.0585069
0.0746974,0.0585796,0.0584919
0.0746589,0.0585626,0.0584769
0.0746205,0.0585456,0.0584619
0.0745821,0.0585287,0.0584469
0.0745439,0.0585118,0.058432
0.0745056,0.0584949,0.0584171
0.0744675,0.0584781,0.0584023
0.0744294,0.0584613,0.0583875
0.0743914,0.0584446,0.0583727
0.0743535,0.0584278,0.0583579
0.0743156,0.0584111,0.0583432
0.0742778,0.0583945,0.0583285
0.07424,0.0583779,0.0583138
0.0742024,0.0583613,0.0582992
0.0741648,0.0583447,0.0582846
0.0741272,0.0583282,0.05827
0.0740897,0.0583117,0.0582555
0.0740523,0.0582952,0.0582409
0.074015,0.0582788,0.0582264
0.0739777,0.0582624,0.058212
0.0739405,0.058246,0.0581975
0.0739033,0.0582297,0.0581831
0.0738663,0.0582134,0.0581688
0.0738292,0.0581972,0.0581544
0.0737923,0.0581809,0.0581401
0.0737554,0.0581647,0.0581258
0.0737186,0.0581486,0.0581116
0.0736818,0.0581324,0.0580973
0.0736451,0.0581163,0.0580831
0.0736085,0.0581003,0.058069
0.0735719,0.0580842,0.0580548
0.0735354,0.0580682,0.0580407
0.073499,0.0580523,0.0580266
0.0734626,0.0580363,0.0580126
0.0734263,0.0580204,0.0579985
0.07339,0.0580045,0.0579845
0.0733538,0.0579887,0.0579705
0.0733177,0.0579729,0.0579566
0.0732817,0.0579571,0.0579427
0.0732457,0.0579413,0.0579288
0.0732097,0.0579256,0.0579149
0.0731738,0.0579099,0.0579011
0.073138,0.0578943,0.0578873
0.0731023,0.0578786,0.0578735
0.0730666,0.057863,0.0578597
0.0730309,0.0578475,0.057846
0.0729954,0.0578319,0.0578323
0.0729598,0.0578164,0.0578186
0.0729244,0.0578009,0.057805
0.072889,0.0577855,0.0577914
0.0728537,0.0577701,0.0577778
0.0728184,0.0577547,0.0577642
0.0727832,0.0577393,0.0577507
0.072748,0.057724,0.0577372
0.072713,0.0577087,0.0577237
0.0726779,0.0576934,0.0577102
0.072643,0.0576782,0.0576968
0.072608,0.057663,0.0576834
0.0725732,0.0576478,0.05767
0.0725384,0.0576327,0.0576566
0.0725037,0.0576175,0.0576433
0.072469,0.0576024,0.05763
0.0724344,0.0575874,0.0576167
0.0723998,0.0575723,0.0576035
0.0723653,0.0575573,0.0575903
0.0723308,0.0575424,0.0575771
0.0722965,0.0575274,0.0575639
0.0722621,0.0575125,0.0575507
0.0722279,0.0574976,0.0575376
0.0721936,0.0574827,0.0575245
0.0721595,0.0574679,0.0575114
0.0721254,0.0574531,0.0574984
0.0720913,0.0574383,0.0574854
0.0720574,0.0574236,0.0574724
0.0720234,0.0574089,0.0574594
0.0719895,0.0573942,0.0574465
0.0719557,0.0573795,0.0574335
0.071922,0.0573649,0.0574206
0.0718883,0.0573502,0.0574078
0.0718546,0.0573357,0.0573949
0.071821,0.0573211,0.0573821
0.0717875,0.0573066,0.0573693
0.071754,0.0572921,0.0573565
0.0717206,0.0572776,0.0573438
0.0716872,0.0572632,0.0573311
0.0716539,0.0572487,0.0573184
0.0716206,0.0572344,0.0573057
0.0715874,0.05722,0.057293
0.0715542,0.0572057,0.0572804
0.0715211,0.0571913,0.0572678
0.0714881,0.0571771,0.0572552
0.0714551,0.0571628,0.0572427
0.0714222,0.0571486,0.0572301
0.0713893,0.0571344,0.0572176
0.0713565,0.0571202,0.0572051
0.0713237,0.057106,0.0571927
0.071291,0.0570919,0.0571802
0.0712583,0.0570778,0.0571678
0.0712257,0.0570637,0.0571554
0.0711931,0.0570497,0.0571431
0.0711606,0.0570357,0.0571307
0.0711281,0.0570217,0.0571184
0.0710957,0.0570077,0.0571061
0.0710634,0.0569938,0.0570938
0.0710311,0.0569799,0.0570816
0.0709988,0.056966,0.0570693
0.0709666,0.0569521,0.0570571
0.0709345,0.0569383,0.0570449
0.0709024,0.0569245,0.0570328
0.0708703,0.0569107,0.0570206
0.0708384,0.0568969,0.0570085
0.0708064,0.0568832,0.0569964
0.0707745,0.0568695,0.0569844
0.0707427,0.0568558,0.0569723
0.0707109,0.0568421,0.0569603
0.0706792,0.0568285,0.0569483
0.0706475,0.0568149,0.0569363
0.0706158,0.0568013,0.0569244
0.0705843,0.0567877,0.0569124
0.0705527,0.0567742,0.0569005
0.0705212,0.0567607,0.0568886
0.0704898,0.0567472,0.0568767
0.0704584,0.0567337,0.0568649
0.0704271,0.0567203,0.0568531
0.0703958,0.0567068,0.0568413
0.0703646,0.0566935,0.0568295
0.0703334,0.0566801,0.0568177
0.0703023,0.0566667,0.056806
0.0702712,0.0566534,0.0567943
0.0702401,0.0566401,0.0567826
0.0702092,0.0566269,0.0567709
0.0701782,0.0566136,0.0567592
0.0701473,0.0566004,0.0567476
0.0701165,0.0565872,0.056736
0.0700857,0.056574,0.0567244
0.0700549,0.0565609,0.0567128
0.0700242,0.0565477,0.0567013
0.0699936,0.0565346,0.0566898
0.069963,0.0565216,0.0566783
0.0699324,0.0565085,0.0566668
0.0699019,0.0564955,0.0566553
0.0698715,0.0564825,0.0566439
0.0698411,0.0564695,0.0566324
0.0698107,0.0564565,0.056621
0.0697804,0.0564436,0.0566097
0.0697501,0.0564306,0.0565983
0.0697199,0.0564177,0.056587
0.0696897,0.0564049,0.0565756
0.0696596,0.056392,0.0565643
0.0696295,0.0563792,0.0565531
0.0695995,0.0563664,0.0565418
0.0695695,0.0563536,0.0565306
0.0695396,0.0563409,0.0565194
0.0695097,0.0563281,0.0565082
0.0694798,0.0563154,0.056497
0.06945,0.0563027,0.0564858
0.0694203,0.05629,0.0564747
0.0693905,0.0562774,0.0564636
0.0693609,0.0562648,0.0564525
0.0693313,0.0562522,0.0564414
0.0693017,0.0562396,0.0564303
0.0692722,0.056227,0.0564193
0.0692427,0.0562145,0.0564083
0.0692132,0.056202,0.0563973
0.0691838,0.0561895,0.0563863
0.0691545,0.056177,0.0563754
0.0691252,0.0561646,0.0563644
0.0690959,0.0561521,0.0563535
0.0690667,0.0561397,0.0563426
0.0690375,0.0561274,0.0563317
0.0690084,0.056115,0.0563208
0.0689793,0.0561027,0.05631
0.0689503,0.0560903,0.0562992
0.0689213,0.056078,0.0562884
0.0688924,0.0560658,0.0562776
0.0688635,0.0560535,0.0562668
0.0688346,0.0560413,0.0562561
0.0688058,0.0560291,0.0562454
0.068777,0.0560169,0.0562346
0.0687483,0.0560047,0.056224
0.0687196,0.0559925,0.0562133
0.0686909,0.0559804,0.0562026
0.0686623,0.0559683,0.056192
0.0686338,0.0559562,0.0561814
0.0686053,0.0559442,0.0561708
0.0685768,0.0559321,0.0561602
0.0685484,0.0559201,0.0561497
0.06852,0.0559081,0.0561391
0.0684916,0.0558961,0.0561286
0.0684633,0.0558841,0.0561181
0.0684351,0.0558722,0.0561076
0.0684068,0.0558603,0.0560971
0.0683787,0.0558484,0.0560867
0.0683505,0.0558365,0.0560763
0.0683224,0.0558246,0.0560658
0.0682944,0.0558128,0.0560554
0.0682664,0.055801,0.0560451
0.0682384,0.0557892,0.0560347
0.0682105,0.0557774,0.0560244
0.0681826,0.0557656,0.056014
0.0681547,0.0557539,0.0560037
0.0681269,0.0557422,0.0559935
0.0680992,0.0557305,0.0559832
0.0680715,0.0557188,0.0559729
0.0680438,0.0557071,0.0559627
0.0680161,0.0556955,0.0559525
0.0679886,0.0556838,0.0559423
0.067961,0.0556722,0.0559321
0.0679335,0.0556607,0.0559219
0.067906,0.0556491,0.0559118
0.0678786,0.0556376,0.0559017
0.0678512,0.055626,0.0558916
0.0678238,0.0556145,0.0558815
0.0677965,0.055603,0.0558714
0.0677692,0.0555916,0.0558613
0.067742,0.0555801,0.0558513
0.0677148,0.0555687,0.0558413
0.0676876,0.0555573,0.0558313
0.0676605,0.0555459,0.0558213
0.0676334,0.0555345,
0.0676064,0.0555232,
0.0675794,0.0555118,
0.0675524,0.0555005,
0.0675255,0.0554892,
0.0674986,0.0554779,
0.0674718,0.0554667,
0.067445,0.0554554,
0.0674182,0.0554442,
0.0673915,0.055433,
0.0673648,0.0554218,
0.0673382,0.0554107,
0.0673116,0.0553995,
0.067285,0.0553884,
0.0672585,0.0553773,
0.067232,0.0553662,
0.0672055,0.0553551,
0.0671791,0.0553441,
0.0671527,0.055333,
0.0671264,0.055322,
0.0671001,0.055311,
0.0670738,0.0553,
0.0670476,0.0552891,
0.0670214,0.0552781,
0.0669952,0.0552672,
0.0669691,0.0552563,
0.066943,0.0552454,
0.066917,0.0552345,
0.066891,0.0552236,
0.066865,0.0552128,
0.0668391,0.055202,
0.0668132,0.0551912,
0.0667873,0.0551804,
0.0667615,0.0551696,
0.0667357,0.0551589,
0.06671,0.0551481,
0.0666842,0.0551374,
0.0666586,0.0551267,
0.0666329,0.055116,
0.0666073,0.0551054,
0.0665817,0.0550947,
0.0665562,0.0550841,
0.0665307,0.0550735,
0.0665053,0.0550629,
0.0664798,0.0550523,
0.0664544,0.0550417,
0.0664291,0.0550312,
0.0664038,0.0550206,
0.0663785,0.0550101,
0.0663532,0.0549996,
0.066328,0.0549892,
0.0663028,0.0549787,
0.0662777,0.0549683,
0.0662526,0.0549578,
0.0662275,0.0549474,
0.0662025,0.054937,
0.0661775,0.0549266,
0.0661525,0.0549163,
0.0661276,0.0549059,
0.0661027,0.0548956,
0.0660778,0.0548853,
0.066053,0.054875,
0.0660282,0.0548647,
0.0660034,0.0548544,
0.0659787,0.0548442,
0.065954,0.054834,
0.0659294,0.0548237,
0.0659047,0.0548135,
0.0658801,0.0548034,
0.0658556,0.0547932,
0.0658311,0.054783,
0.0658066,0.0547729,
0.0657821,0.0547628,
0.0657577,0.0547527,
0.0657333,0.0547426,
0.065709,0.0547325,
0.0656846,0.0547225,
0.0656603,0.0547124,
0.0656361,0.0547024,
0.0656119,0.0546924,
0.0655877,0.0546824,
0.0655635,,
0.0655394,,
0.0655153,,
0.0654912,,
0.0654672,,
0.0654432,,
0.0654193,,
0.0653953,,
0.0653714,,
0.0653476,,
0.0653238,,
0.0653,,
0.0652762,,
0.0652525,,
0.0652288,,
0.0652051,,
0.0651814,,
0.0651578,,
0.0651343,,
0.0651107,,
0.0650872,,
0.0650637,,
0.0650403,,
0.0650169,,
0.0649935,,
0.0649701,,
0.0649468,,
0.0649235,,
0.0649002,,
0.064877,,
0.0648538,,
0.0648306,,
0.0648075,,
0.0647844,,
0.0647613,,
0.0647383,,
0.0647152,,
0.0646923,,
0.0646693,,
0.0646464,,
0.0646235,,
0.0646006,,
0.0645778,,
0.064555,,
0.0645322,,
0.0645095,,
0.0644868,,
0.0644641,,
0.0644414,,
0.0644188,,
0.0643962,,
0.0643736,,
0.0643511,,
0.0643286,,
0.0643061,,
0.0642837,,
0.0642612,,
0.0642388,,
0.0642165,,
0.0641942,,
0.0641719,,
0.0641496,,
0.0641273,,
0.0641051,,
0.0640829,,
0.0640608,,
0.0640386,,
0.0640165,,
0.0639945,,
0.0639724,,
0.0639504,,
0.0639284,,
0.0639065,,
0.0638845,,
0.0638626,,
0.0638408,,
0.0638189,,
0.0637971,,
0.0637753,,
0.0637535,,
0.0637318,,
0.0637101,,
0.0636884,,
0.0636668,,
0.0636451,,
0.0636236,,
0.063602,,
0.0635804,,
0.0635589,,
0.0635374,,
0.063516,,
0.0634946,,
0.0634731,,
0.0634518,,
0.0634304,,
0.0634091,,
0.0633878,,
0.0633665,,
0.0633453,,
0.0633241,,
0.0633029,,
0.0632817,,
0.0632606,,
0.0632395,,
0.0632184,,
0.0631973,,
0.0631763,,
0.0631553,,
0.0631343,,
0.0631134,,
0.0630925,,
0.0630716,,
0.0630507,,
0.0630298,,
0.063009,,
0.0629882,,
0.0629675,,
0.0629467,,
0.062926,,
0.0629053,,
0.0628846,,
0.062864,,
0.0628434,,
0.0628228,,
0.0628022,,
0.0627817,,
0.0627612,,
0.0627407,,
0.0627203,,
0.0626998,,
0.0626794,,
0.062659,,
0.0626387,,
0.0626183,,
0.062598,,
0.0625777,,
0.0625575,,
0.0625372,,
0.062517,,
0.0624968,,
0.0624767,,
0.0624565,,
0.0624364,,
0.0624163,,
0.0623963,,
0.0623762,,
0.0623562,,
0.0623362,,
0.0623163,,
0.0622963,,
0.0622764,,
0.0622565,,
0.0622367,,
0.0622168,,
0.062197,,
0.0621772,,
0.0621574,,
0.0621377,,
0.062118,,
0.0620983,,
0.0620786,,
0.0620589,,
0.0620393,,
0.0620197,,
0.0620001,,
0.0619806,,
0.061961,,
0.0619415,,
0.061922,,
0.0619026,,
0.0618831,,
0.0618637,,
0.0618443,,
0.0618249,,
0.0618056,,
0.0617863,,
0.061767,,
0.0617477,,
0.0617284,,
0.0617092,,
0.06169,,
0.0616708,,
0.0616516,,
0.0616325,,
0.0616134,,
0.0615943,,
0.0615752,,
0.0615562,,
0.0615371,,
0.0615181,,
0.0614991,,
0.0614802,,
0.0614612,,
0.0614423,,
0.0614234,,
0.0614046,,
0.0613857,,
0.0613669,,
0.0613481,,
0.0613293,,
0.0613105,,
0.0612918,,
0.0612731,,
0.0612544,,
0.0612357,,
0.0612171,,
0.0611984,,
0.0611798,,
0.0611612,,
0.0611427,,
0.0611241,,
0.0611056,,
0.0610871,,
0.0610686,,
0.0610502,,
0.0610317,,
0.0610133,,
0.0609949,,
0.0609766,,
0.0609582,,
0.0609399,,
0.0609216,,
0.0609033,,
0.060885,,
0.0608668,,
0.0608486,,
0.0608304,,
0.0608122,,
0.060794,,
0.0607759,,
0.0607578,,
0.0607397,,
0.0607216,,
0.0607035,,
0.0606855,,
0.0606675,,
0.0606495,,
0.0606315,,
0.0606136,,
0.0605956,,
0.0605777,,
0.0605598,,
0.060542,,
0.0605241,,
0.0605063,,
0.0604885,,
0.0604707,,
0.0604529,,
0.0604352,,
0.0604174,,
0.0603997,,
0.060382,,
0.0603644,,
0.0603467,,
0.0603291,,
0.0603115,,
0.0602939,,
0.0602763,,
0.0602588,,
0.0602413,,
0.0602237,,
0.0602063,,
0.0601888,,
0.0601713,,
0.0601539,,
0.0601365,,
0.0601191,,
0.0601017,,
0.0600844,,
0.0600671,,
0.0600497,,
0.0600324,,
0.0600152,,
0.0599979,,
0.0599807,,
0.0599635,,
0.0599463,,
0.0599291,,
0.0599119,,
0.0598948,,
0.0598777,,
0.0598606,,
0.0598435,,
0.0598264,,
0.0598094,,
0.0597923,,
0.0597753,,
0.0597583,,
0.0597414,,
0.0597244,,
0.0597075,,
0.0596906,,
0.0596737,,
0.0596568,,
0.05964,,
0.0596231,,
0.0596063,,
0.0595895,,
0.0595727,,
0.0595559,,
0.0595392,,
0.0595225,,
0.0595058,,
0.0594891,,
0.0594724,,
0.0594557,,
0.0594391,,
0.0594225,,
0.0594059,,
0.0593893,,
0.0593727,,
0.0593562,,
0.0593397,,
0.0593232,,
0.0593067,,
0.0592902,,
0.0592737,,
0.0592573,,
0.0592409,,
0.0592245,,
0.0592081,,
0.0591917,,
0.0591754,,
0.059159,,
0.0591427,,
0.0591264,,
0.0591101,,
0.0590939,,
0.0590776,,
0.0590614,,
0.0590452,,
0.059029,,
0.0590128,,
0.0589967,,
0.0589805,,
0.0589644,,
0.0589483,,
0.0589322,,
0.0589162,,
0.0589001,,
0.0588841,,
0.0588681,,
0.0588521,,
0.0588361,,
0.0588201,,
0.0588042,,
0.0587882,,
0.0587723,,
0.0587564,,
0.0587405,,
0.0587247,,
0.0587088,,
0.058693,,
0.0586772,,
0.0586614,,
0.0586456,,
0.0586298,,
0.0586141,,
0.0585983,,
0.0585826,,
0.0585669,,
0.0585513,,
0.0585356,,
0.0585199,,
0.0585043,,
0.0584887,,
0.0584731,,
0.0584575,,
0.0584419,,
0.0584264,,
0.0584109,,
0.0583953,,
0.0583798,,
0.0583644,,
0.0583489,,
0.0583334,,
0.058318,,
0.0583026,,
0.0582872,,
0.0582718,,
0.0582564,,
0.0582411,,
0.0582257,,
0.0582104,,
0.0581951,,
0.0581798,,
0.0581645,,
0.0581493,,
0.058134,,
0.0581188,,
0.0581036,,
0.0580884,,
0.0580732,,
0.0580581,,
0.0580429,,
0.0580278,,
0.0580127,,
0.0579976,,
0.0579825,,
0.0579674,,
0.0579523,,
0.0579373,,
0.0579223,,
0.0579073,,
0.0578923,,
0.0578773,,
0.0578623,,
0.0578474,,
0.0578325,,
0.0578175,,
0.0578026,,
0.0577878,,
0.0577729,,
0.057758,,
0.0577432,,
0.0577284,,
0.0577136,,
0.0576988,,
0.057684,,
0.0576692,,
0.0576545,,
0.0576397,,
0.057625,,
0.0576103,,
0.0575956,,
0.0575809,,
0.0575663,,
0.0575516,,
0.057537,,
0.0575224,,
0.0575078,,
0.0574932,,
0.0574786,,
0.0574641,,
0.0574495,,
0.057435,,
0.0574205,,
0.057406,,
0.0573915,,
0.0573771,,
0.0573626,,
0.0573482,,
0.0573337,,
0.0573193,,
0.0573049,,
0.0572905,,
0.0572762,,
0.0572618,,
0.0572475,,
0.0572332,,
0.0572189,,
0.0572046,,
0.0571903,,
0.057176,,
0.0571618,,
0.0571475,,
0.0571333,,
0.0571191,,
0.0571049,,
0.0570907,,
0.0570766,,
0.0570624,,
0.0570483,,
0.0570341,,
0.05702,,
0.0570059,,
0.0569918,,
0.0569778,,
0.0569637,,
0.0569497,,
0.0569357,,
0.0569216,,
0.0569076,,
0.0568937,,
0.0568797,,
0.0568657,,
0.0568518,,
0.0568379,,
0.0568239,,
0.05681,,
0.0567962,,
0.0567823,,
0.0567684,,
0.0567546,,
0.0567407,,
0.0567269,,
0.0567131,,
0.0566993,,
0.0566855,,
0.0566718,,
0.056658,,
0.0566443,,
0.0566305,,
0.0566168,,
0.0566031,,
0.0565894,,
0.0565758,,
0.0565621,,
0.0565485,,
0.0565348,,
0.0565212,,
0.0565076,,
0.056494,,
0.0564804,,
0.0564669,,
0.0564533,,
0.0564398,,
0.0564262,,
0.0564127,,
0.0563992,,
0.0563857,,
0.0563723,,
0.0563588,,
0.0563454,,
0.0563319,,
0.0563185,,
0.0563051,,
0.0562917,,
0.0562783,,
0.0562649,,
0.0562516,,
0.0562382,,
0.0562249,,
0.0562116,,
0.0561983,,
0.056185,,
0.0561717,,
0.0561584,,
0.0561452,,
0.0561319,,
0.0561187,,
0.0561055,,
0.0560923,,
0.0560791,,
0.0560659,,
0.0560527,,
0.0560396,,
0.0560264,,
0.0560133,,
0.0560002,,
0.0559871,,
0.055974,,
0.0559609,,
0.0559478,,
0.0559348,,
0.0559217,,
0.0559087,,
0.0558957,,
0.0558827,,
0.0558697,,
0.0558567,,
0.0558437,,
0.0558308,,
0.0558178,,
0.0558049,,
0.055792,,
0.0557791,,
0.0557662,,
0.0557533,,
0.0557404,,
0.0557275,,
0.0557147,,
0.0557019,,
0.055689,,
0.0556762,,
0.0556634,,
0.0556506,,
0.0556379,,
0.0556251,,
0.0556124,,
0.0555996,,
0.0555869,,
0.0555742,,
0.0555615,,
0.0555488,,
0.0555361,,
0.0555234,,
0.0555108,,
0.0554981,,
0.0554855,,
0.0554729,,
0.0554603,,
0.0554477,,
0.0554351,,
0.0554225,,
0.0554099,,
0.0553974,,
0.0553848,,
0.0553723,,
0.0553598,,
0.0553473,,
0.0553348,,
0.0553223,,
0.0553098,,
0.0552974,,
0.0552849,,
0.0552725,,
0.0552601,,
0.0552477,,
0.0552353,,
0.0552229,,
0.0552105,,
0.0551981,,
0.0551858,,
0.0551734,,
0.0551611,,
0.0551488,,
0.0551365,,
0.0551242,,
0.0551119,,
0.0550996,,
0.0550873,,
0.0550751,,
0.0550628,,
0.0550506,,
0.0550384,,
0.0550262,,
0.055014,,
0.0550018,,
0.0549896,,
0.0549774,,
0.0549653,,
0.0549532,,
0.054941,,
0.0549289,,
0.0549168,,
0.0549047,,
0.0548926,,
0.0548805,,
0.0548685,,
0.0548564,,
0.0548444,,
0.0548323,,
0.0548203,,
0.0548083,,
0.0547963,,
0.0547843,,
0.0547723,,
0.0547604,,
0.0547484,,
0.0547364,,
0.0547245,,
0.0547126,,
0.0547007,,
0.0546888,,
0.0546769,,
0.054665,,
0.0546531,,
0.0546413,,
0.0546294,,
0.0546176,,
0.0546057,,
0.0545939,,
0.0545821,,
0.0545703,,
0.0545585,,
0.0545468,,
0.054535,,
0.0545232,,
0.0545115,,
0.0544997,,
0.054488,,
0.0544763,,
0.0544646,,
0.0544529,,
0.0544412,,
0.0544296,,
0.0544179,,
0.0544062,,
0.0543946,,
0.054383,,
0.0543714,,
0.0543597,,
0.0543481,,
0.0543366,,
0.054325,,
0.0543134,,
0.0543018,,
0.0542903,,
0.0542788,,
0.0542672,,
0.0542557,,
0.0542442,,
0.0542327,,
0.0542212,,
0.0542097,,
0.0541983,,
0.0541868,,
0.0541754,,
0.0541639,,
0.0541525,,
0.0541411,,
0.0541297,,
0.0541183,,
0.0541069,,
0.0540955,,
0.0540842,,
0.0540728,,
0.0540614,,
0.0540501,,
0.0540388,,
0.0540275,,
0.0540162,,
0.0540049,,
0.0539936,,
0.0539823,,
0.053971,,
0.0539598,,
0.0539485,,
0.0539373,,
0.053926,,
0.0539148,,
0.0539036,,
0.0538924,,
0.0538812,,
0.05387,,
0.0538589,,
0.0538477,,
0.0538366,,
0.0538254,,
0.0538143,,
0.0538032,,
0.0537921,,
0.0537809,,
0.0537699,,
0.0537588,,
0.0537477,,
0.0537366,,
0.0537256,,
0.0537145,,
0.0537035,,
0.0536925,,
0.0536814,,
0.0536704,,
0.0536594,,
0.0536484,,
0.0536375,,
0.0536265,,
0.0536155,,
0.0536046,,
0.0535936,,
0.0535827,,
0.0535718,,
0.0535609,,
0.05355,,
0.0535391,,
0.0535282,,
0.0535173,,
0.0535064,,
0.0534956,,
0.0534847,,
0.0534739,,
0.0534631,,
0.0534522,,
0.0534414,,
0.0534306,,
0.0534198,,
0.053409,,
0.0533983,,
0.0533875,,
0.0533767,,
0.053366,,
0.0533552,,
0.0533445,,
0.0533338,,
0.0533231,,
0.0533124,,
0.0533017,,
0.053291,,
0.0532803,,
0.0532697,,
0.053259,,
0.0532483,,
0.0532377,,
0.0532271,,
0.0532165,,
0.0532058,,
0.0531952,,
0.0531846,,
0.0531741,,
0.0531635,,
0.0531529,,
0.0531423,,
0.0531318,,
0.0531213,,
0.0531107,,
0.0531002,,
0.0530897,,
0.0530792,,
0.0530687,,
0.0530582,,
0.0530477,,
0.0530372,,
0.0530268,,
0.0530163,,
0.0530059,,
0.0529954,,
0.052985,,
0.0529746,,
0.0529642,,
0.0529538,,
0.0529434,,
0.052933,,
0.0529226,,
0.0529122,,
0.0529019,,
0.0528915,,
0.0528812,,
0.0528708,,
0.0528605,,
0.0528502,,
0.0528399,,
0.0528296,,
0.0528193,,
0.052809,,
0.0527987,,
0.0527885,,
0.0527782,,
0.052768,,
0.0527577,,
0.0527475,,
0.0527373,,
0.0527271,,
0.0527169,,
0.0527067,,
0.0526965,,
0.0526863,,
0.0526761,,
0.0526659,,
0.0526558,,
0.0526456,,
0.0526355,,
0.0526254,,
0.0526152,,
0.0526051,,
0.052595,,
0.0525849,,
0.0525748,,
0.0525647,,
0.0525547,,
0.0525446,,
0.0525345,,
0.0525245,,
0.0525145,,
0.0525044,,
0.0524944,,
0.0524844,,
0.0524744,,
0.0524644,,
0.0524544,,
